口,Mouth,11
日,Day,12
月,Month,13
田,Rice Field,14
目,Eye,15
古,Old,16
吾,I,17
冒,Risk,18
朋,Companion,19
明,Bright,20
唱,Chant,21
晶,Sparkle,22
品,Goods,23
呂,Spine,24
昌,Prosperous,25
早,Early,26
旭,Rising Sun,27
世,Generation,28
胃,Stomach,29
旦,Nightbreak,30
胆,Gall Bladder,31
亘,Span,32
凹,Concave,33
凸,Convex,34
旧,Olden Times,35
自,Oneself,36
白,White,37
百,Hundred,38
中,In,39
千,Thousand,40
舌,Tongue,41
升,Measuring Box,42
昇,Rise Up,43
丸,Round,44
寸,Measurement,45
肘,Elbow,46
専,Specialty,47
博,Dr.,48
占,Fortune-Telling,49
上,Above,50
下,Below,51
卓,Eminent,52
朝,Morning,53
嘲,Derision,54
只,Only,55
貝,Shellfish,56
唄,Pop Song,57
貞,Upright,58
員,Employee,59
貼,Post A Bill,60
見,See,61
児,Newborn Babe,62
元,Beginning,63
頁,Page,64
頑,Stubborn,65
凡,Mediocre,66
負,Defeat,67
万,Ten Thousand,68
句,Phrase,69
肌,Texture,70
旬,Decameron,71
勺,Ladle,72
的,Bull’S Eye,73
首,Neck,74
乙,Fish Guts,75
乱,Riot,76
直,Straightaway,77
具,Tool,78
真,True,79
工,Craft,80
左,Left,81
右,Right,82
有,Possess,83
賄,Bribe,84
貢,Tribute,85
項,Paragraph,86
刀,Sword,87
刃,Blade,88
切,Cut,89
召,Seduce,90
昭,Shining,91
則,Rule,92
副,Vice-,93
別,Separate,94
丁,Street,95
町,Town,96
可,Can,97
頂,Place On The Head,98
子,Child,99
孔,Cavity,100
了,Complete,101
女,Woman,102
好,Fond,103
如,Likeness,104
母,Mama,105
貫,Pierce,106
兄,Elder Brother,107
呪,Curse,108
克,Overcome,109
小,Little,110
少,Few,111
大,Large,112
多,Many,113
夕,Evening,114
汐,Eventide,115
外,Outside,116
名,Name,117
石,Stone,118
肖,Resemblance,119
硝,Nitrate,120
砕,Smash,121
砂,SAND,122
妬,Jealous,123
削,Plane,124
光,Ray,125
太,Plump,126
器,Utensil,127
臭,Stinking,128
嗅,Sniff,129
妙,Exquisite,130
省,Focus,131
厚,Thick,132
奇,Strange,133
川,Stream,134
州,State,135
順,Obey,136
水,Water,137
氷,Icicle,138
永,Eternity,139
泉,Spring,140
腺,Gland,141
原,Meadow,142
願,Petition,143
泳,Swim,144
沼,Marsh,145
沖,Open Sea,146
汎,Pan-,147
江,Creek,148
汰,Cleanse,149
汁,Soup,150
沙,Grains of Sand,151
潮,Tide,152
源,Source,153
活,Lively,154
消,Extinguish,155
況,But of Course,156
河,River,157
泊,Overnight,158
湖,Lake,159
測,Fathom,160
土,Soil,161
吐,Spit,162
圧,Pressure,163
埼,Cape,164
垣,Hedge,165
填,Inlay,166
圭,Squared Jewel,167
封,Seal,168
涯,Horizon,169
寺,Buddhist Temple,170
時,Time,171
均,Level,172
火,Fire,173
炎,Inflammation,174
煩,Anxiety,175
淡,Thin,176
灯,Lamp,177
畑,Farm,178
災,Disaster,179
灰,Ashes,180
点,Spot,181
照,Illuminate,182
魚,Fish,183
漁,Fishing,184
里,Ri,185
黒,Black,186
墨,Black Ink,187
鯉,Carp,188
量,Quantity,189
厘,Rin,190
埋,Bury,191
同,Same,192
洞,Den,193
胴,Trunk,194
向,Yonder,195
尚,Esteem,196
字,Character,197
守,Guard,198
完,Perfect,199
宣,Proclaim,200
宵,Wee Hours,201
安,Relax,202
宴,Banquet,203
寄,Draw Near,204
富,Wealth,205
貯,Savings,206
木,Tree,207
林,Grove,208
森,Forest,209
桂,Japanese Judas-Tree,210
柏,Oak,211
枠,Frame,212
梢,Treetops,213
棚,Shelf,214
杏,Apricot,215
桐,Paulownia,216
植,Plant,217
椅,Chair,218
枯,Wither,219
朴,Crude,220
村,Village,221
相,Inter-,222
机,Desk,223
本,Book,224
札,Tag,225
暦,Calendar,226
案,Plan,227
燥,Parch,228
未,Not Yet,229
昧,Obscure,230
末,Extremity,231
沫,Splash,232
味,Flavor,233
妹,Younger Sister,234
朱,Vermilion,235
株,Stocks,236
若,Young,237
草,Grass,238
苦,Suffering,239
苛,Bullying,240
寛,Tolerant,241
薄,Dilute,242
葉,Leaf,243
模,Imitation,244
漠,Vague,245
墓,Grave,246
暮,Livelihood,247
膜,Membrane,248
苗,Seedling,249
兆,Portent,250
桃,Peach Tree,251
眺,Stare,252
犬,Dog,253
状,Status Quo,254
黙,Silence,255
然,Sort of Thing,256
荻,Reed,257
狩,Hunt,258
猫,Cat,259
牛,Cow,260
特,Special,261
告,Revelation,262
先,Before,263
洗,Wash,264
介,Jammed In,265
界,World,266
茶,Tea,267
脊,Spinal Column,268
合,Fit,269
塔,Pagoda,270
王,King,271
玉,Jewel,272
宝,Treasure,273
珠,Pearl,274
現,Present,275
玩,Toy,276
狂,Lunatic,277
旺,Effulgent,278
皇,Emperor,279
呈,Display,280
全,Whole,281
栓,Plug,282
理,Logic,283
主,Lord,284
注,Pour,285
柱,Pillar,286
金,Gold,287
銑,Pig Iron,288
鉢,Bowl,289
銅,Copper,290
釣,Angling,291
針,Needle,292
銘,Inscription,293
鎮,Tranquilize,294
道,Road-Way,295
導,Guidance,296
辻,Crossing,297
迅,Swift,298
造,Create,299
迫,Urge,300
逃,Escape,301
辺,Environs,302
巡,Patrol,303
車,Car,304
連,Take Along,305
軌,Rut,306
輸,Transport,307
喩,Metaphor,308
前,In Front,309
煎,Roast,310
各,Each,311
格,Status,312
賂,Graft,313
略,Abbreviation,314
客,Guest,315
額,Forehead,316
夏,Summer,317
処,Dispose,318
条,Twig,319
落,Fall,320
冗,Superfluous,321
冥,Hades,322
軍,Army,323
輝,Radiance,324
運,Carry,325
冠,Crown,326
夢,Dream,327
坑,Pit,328
高,Tall,329
享,Receive,330
塾,Cram School,331
熟,Mellow,332
亭,Pavilion,333
京,Capital,334
涼,Refreshing,335
景,Scenery,336
鯨,Whale,337
舎,Cottage,338
周,Circumference,339
週,Week,340
士,Gentleman,341
吉,Good Luck,342
壮,Robust,343
荘,Villa,344
売,Sell,345
学,Study,346
覚,Memorize,347
栄,Flourish,348
書,Write,349
津,Haven,350
牧,Breed,351
攻,Aggression,352
敗,Failure,353
枚,A Sheet Of,354
故,Happenstance,355
敬,Awe,356
言,Say,357
警,Admonish,358
計,Plot,359
詮,Elucidate,360
獄,Prison,361
訂,Revise,362
訃,Obituary,363
討,Chastise,364
訓,Instruction,365
詔,Imperial Edict,366
詰,Packed,367
話,Tale,368
詠,Recitation,369
詩,Poem,370
語,Word,371
読,Read,372
調,Tune,373
談,Discuss,374
諾,Consent,375
諭,Rebuke,376
式,Style,377
試,Test,378
弐,II (Two),379
域,Range,380
賊,Burglar,381
栽,Plantation,382
載,Load,383
茂,Overgrown,384
戚,Relatives,385
成,Turn Into,386
城,Castle,387
誠,Sincerity,388
威,Intimidate,389
滅,Destroy,390
減,Dwindle,391
蔑,Revile,392
桟,Scaffold,393
銭,Coin,394
浅,Shallow,395
止,Stop,396
歩,Walk,397
渉,Ford,398
頻,Repeatedly,399
肯,Agreement,400
企,Undertake,401
歴,Curriculum,402
武,Warrior,403
賦,Levy,404
正,Correct,405
証,Evidence,406
政,Politics,407
定,Determine,408
錠,Lock,409
走,Run,410
超,Transcend,411
赴,Proceed,412
越,Surpass,413
是,Just So,414
題,Topic,415
堤,Dike,416
建,Build,417
鍵,Key,418
延,Prolong,419
誕,Nativity,420
礎,Cornerstone,421
婿,Bridegroom,422
衣,Garment,423
裁,Tailor,424
装,Attire,425
裏,Back,426
壊,Demolition,427
哀,Pathetic,428
遠,Distant,429
猿,Monkey,430
初,First Time,431
巾,Towel,432
布,Linen,433
帆,Sail,434
幅,Hanging Scroll,435
帽,Cap,436
幕,Curtain,437
幌,Canopy,438
錦,Brocade,439
市,Market,440
柿,Persimmon,441
姉,Elder Sister,442
肺,Lungs,443
帯,Sash,444
滞,Stagnate,445
刺,Thorn,446
制,System,447
製,Made In…,448
転,Revolve,449
芸,Technique,450
雨,Rain,451
雲,Cloud,452
曇,Cloudy Weather,453
雷,Thunder,454
霜,Frost,455
冬,Winter,456
天,Heavens,457
妖,Bewitched,458
沃,Irrigate,459
橋,Bridge,460
嬌,Attractive,461
立,Stand Up,462
泣,Cry,463
章,Badge,464
競,Vie,465
帝,Sovereign,466
諦,Renunciation,467
童,Juvenile,468
瞳,Pupil,469
鐘,Bell,470
商,Make A Deal,471
嫡,Legitimate Wife,472
適,Suitable,473
滴,Drip,474
敵,Enemy,475
匕,Spoon,476
叱,Scold,477
匂,Aroma,478
頃,About That Time,479
北,North,480
背,Stature,481
比,Compare,482
昆,Descendants,483
皆,All,484
楷,Block Letters,485
諧,Orderliness,486
混,Mix,487
渇,Thirst,488
謁,Audience,489
褐,Brown,490
喝,Hoarse,491
葛,Kudzu,492
旨,Delicious,493
脂,Fat,494
詣,Visit A Shrine,495
壱,I (One),496
毎,Every,497
敏,Cleverness,498
梅,Plum,499
海,Sea,500
乞,Beg,501
乾,Drought,502
腹,Abdomen,503
複,Duplicate,504
欠,Lack,505
吹,Blow,506
炊,Cook,507
歌,Song,508
軟,Soft,509
次,Next,510
茨,Briar,511
資,Assets,512
姿,Figure,513
諮,Consult With,514
賠,Compensation,515
培,Cultivate,516
剖,Divide,517
音,Sound,518
暗,Darkness,519
韻,Rhyme,520
識,Discriminating,521
鏡,Mirror,522
境,Boundary,523
亡,Deceased,524
盲,Blind,525
妄,Delusion,526
荒,Laid Waste,527
望,Ambition,528
方,Direction,529
妨,Disturb,530
坊,Boy,531
芳,Perfumed,532
肪,Obese,533
訪,Call On,534
放,Set Free,535
激,Violent,536
脱,Undress,537
説,Explanation,538
鋭,Pointed,539
曽,Formerly,540
増,Increase,541
贈,Presents,542
東,East,543
棟,Ridgepole,544
凍,Frozen,545
妊,Pregnancy,546
廷,Courts,547
染,Dye,548
燃,Burn,549
賓,V.I.P.,550
歳,Year-End,551
県,Prefecture,552
栃,Horse Chestnut,553
地,Ground,554
池,Pond,555
虫,Insect,556
蛍,Lightning Bug,557
蛇,Snake,558
虹,Rainbow,559
蝶,Butterfly,560
独,Single,561
蚕,Silkworm,562
風,Wind,563
己,Self,564
起,Rouse,565
妃,Queen,566
改,Reformation,567
記,Scribe,568
包,Wrap,569
胞,Placenta,570
砲,Cannon,571
泡,Bubble,572
亀,Tortoise,573
電,Electricity,574
竜,Dragon,575
滝,Waterfall,576
豚,Pork,577
逐,Pursue,578
遂,Consummate,579
家,House,580
嫁,Marry Into,581
豪,Overpowering,582
腸,Intestines,583
場,Location,584
湯,Hot Water,585
羊,Sheep,586
美,Beauty,587
洋,Ocean,588
詳,Detailed,589
鮮,Fresh,590
達,Accomplished,591
羨,Envious,592
差,Distinction,593
着,Don,594
唯,Solely,595
堆,Piled High,596
椎,Sweet Oak,597
誰,Who,598
焦,Char,599
礁,Reef,600
集,Gather,601
准,Quasi-,602
進,Advance,603
雑,Miscellaneous,604
雌,Female,605
準,Semi-,606
奮,Stirred Up,607
奪,Rob,608
確,Assurance,609
午,Noon,610
許,Permit,611
歓,Delight,612
権,Authority,613
観,Outlook,614
羽,Feathers,615
習,Learn,616
翌,The Following,617
曜,Weekday,618
濯,Laundry,619
曰,Sayeth,620
困,Quandary,621
固,Harden,622
錮,Weld,623
国,Country,624
団,Group,625
因,Cause,626
姻,Matrimony,627
咽,Windpipe,628
園,Park,629
回,#NAVN?,630
壇,Podium,631
店,Store,632
庫,Warehouse,633
庭,Courtyard,634
庁,Government Office,635
床,Bed,636
麻,Hemp,637
磨,Grind,638
心,Heart,639
忘,Forget,640
恣,Selfish,641
忍,Endure,642
認,Acknowledge,643
忌,Mourning,644
志,Intention,645
誌,Document,646
芯,Wick,647
忠,Loyalty,648
串,Shish Kebab,649
患,Afflicted,650
思,Think,651
恩,Grace,652
応,Apply,653
意,Idea,654
臆,Cowardice,655
想,Concept,656
息,Breath,657
憩,Recess,658
恵,Favor,659
恐,Fear,660
惑,Beguile,661
感,Emotion,662
憂,Melancholy,663
寡,Widow,664
忙,Busy,665
悦,Ecstasy,666
恒,Constancy,667
悼,Lament,668
悟,Enlightenment,669
怖,Dreadful,670
慌,Disconcerted,671
悔,Repent,672
憎,Hate,673
慣,Accustomed,674
愉,Pleasure,675
惰,Lazy,676
慎,Humility,677
憾,Remorse,678
憶,Recollection,679
惧,Disquieting,680
憧,Yearn,681
憬,Hanker,682
慕,Pining,683
添,Annexed,684
必,Invariably,685
泌,Ooze,686
手,Hand,687
看,Watch Over,688
摩,Chafe,689
我,Ego,690
義,Righteousness,691
議,Deliberation,692
犠,Sacrifice,693
抹,Rub,694
拭,Wipe,695
拉,Yank,696
抱,Embrace,697
搭,Board,698
抄,Extract,699
抗,Confront,700
批,Criticism,701
招,Beckon,702
拓,Clear The Land,703
拍,Clap,704
打,Strike,705
拘,Arrest,706
捨,Discard,707
拐,Kidnap,708
摘,Pinch,709
挑,Challenge,710
指,Finger,711
持,Hold,712
拶,Imminent,713
括,Fasten,714
揮,Brandish,715
推,Conjecture,716
揚,Hoist,717
提,Propose,718
損,Damage,719
拾,Pick Up,720
担,Shouldering,721
拠,Foothold,722
描,Sketch,723
操,Maneuver,724
接,Touch,725
掲,Put Up A Notice,726
掛,Hang,727
捗,Make Headway,728
研,Polish,729
戒,Commandment,730
弄,Tinker With,731
械,Contraption,732
鼻,Nose,733
刑,Punish,734
型,Mould,735
才,Genius,736
財,Property,737
材,Lumber,738
存,Suppose,739
在,Exist,740
乃,From,741
携,Portable,742
及,Reach Out,743
吸,Suck,744
扱,Handle,745
丈,Length,746
史,History,747
吏,Officer,748
更,Grow Late,749
硬,Stiff,750
梗,Spiny,751
又,Or Again,752
双,Pair,753
桑,Mulberry,754
隻,Vessels,755
護,Safeguard,756
獲,Seize,757
奴,Guy,758
怒,Angry,759
友,Friend,760
抜,Slip Out,761
投,Throw,762
没,Drown,763
股,Thigh,764
設,Establishment,765
撃,Beat,766
殻,Husk,767
支,Branch,768
技,Skill,769
枝,Bough,770
肢,Limb,771
茎,Stalk,772
怪,Suspicious,773
軽,Lightly,774
叔,Uncle,775
督,Coach,776
寂,Loneliness,777
淑,Graceful,778
反,Anti-,779
坂,Slope,780
板,Plank,781
返,Return,782
販,Marketing,783
爪,Claw,784
妥,Gentle,785
乳,Milk,786
浮,Floating,787
淫,Lewd,788
将,Leader,789
奨,Exhort,790
采,Grab,791
採,Pick,792
菜,Vegetable,793
受,Accept,794
授,Impart,795
愛,Love,796
曖,Unclear,797
払,Pay,798
広,Wide,799
勾,Hooked,800
拡,Broaden,801
鉱,Mineral,802
弁,Valve,803
雄,Male,804
台,Pedestal,805
怠,Neglect,806
治,Reign,807
冶,Metallurgy,808
始,Commence,809
胎,Womb,810
窓,Window,811
去,Gone,812
法,Method,813
会,Meeting,814
至,Climax,815
室,Room,816
到,Arrival,817
致,Doth,818
互,Mutually,819
棄,Abandon,820
育,Bring Up,821
撤,Remove,822
充,Allot,823
銃,Gun,824
硫,Sulfur,825
流,Current,826
允,License,827
唆,Tempt,828
出,Exit,829
山,Mountain,830
拙,Bungling,831
岩,Boulder,832
炭,Charcoal,833
岐,Branch Off,834
峠,Mountain Pass,835
崩,Crumble,836
密,Secrecy,837
蜜,Honey,838
嵐,Storm,839
崎,Promontory,840
崖,Bluffs,841
入,Enter,842
込,Crowded,843
分,Part,844
貧,Poverty,845
頒,Partition,846
公,Public,847
松,Pine Tree,848
翁,Venerable Old Man,849
訟,Sue,850
谷,Valley,851
浴,Bathe,852
容,Contain,853
溶,Melt,854
欲,Longing,855
裕,Abundant,856
鉛,Lead (Metal),857
沿,Run Alongside,858
賞,Prize,859
党,Party,860
堂,Hall,861
常,Usual,862
裳,Skirt,863
掌,Manipulate,864
皮,Pelt,865
波,Waves,866
婆,Old Woman,867
披,Expose,868
破,Rend,869
被,Incur,870
残,Remainder,871
殉,Martyrdom,872
殊,Particularly,873
殖,Augment,874
列,File,875
裂,Split,876
烈,Ardent,877
死,Death,878
葬,Interment,879
瞬,Wink,880
耳,Ear,881
取,Take,882
趣,Gist,883
最,Utmost,884
撮,Snapshot,885
恥,Shame,886
職,Post,887
聖,Holy,888
敢,Daring,889
聴,Listen,890
懐,Pocket,891
慢,Ridicule,892
漫,Loose,893
買,Buy,894
置,Placement,895
罰,Penalty,896
寧,Rather,897
濁,Voiced,898
環,Ring,899
還,Send Back,900
夫,Husband,901
扶,Aid,902
渓,Mountain Stream,903
規,Standard,904
替,Exchange,905
賛,Approve,906
潜,Submerge,907
失,Lose,908
鉄,Iron,909
迭,Alternate,910
臣,Retainer,911
姫,Princess,912
蔵,Storehouse,913
臓,Entrails,914
賢,Intelligent,915
腎,Kidney,916
堅,Strict,917
臨,Look To,918
覧,Perusal,919
巨,Gigantic,920
拒,Repel,921
力,Power,922
男,Man,923
労,Labor,924
募,Recruit,925
劣,Inferiority,926
功,Achievement,927
勧,Persuade,928
努,Toil,929
勃,Uprising,930
励,Encourage,931
加,Add,932
賀,Congratulations,933
架,Erect,934
脇,Armpit,935
脅,Threaten,936
協,Co-,937
行,Going,938
律,Rhythm,939
復,Restore,940
得,Gain,941
従,Accompany,942
徒,Junior,943
待,Wait,944
往,Journey,945
征,Subjugate,946
径,Diameter,947
彼,He,948
役,Duty,949
徳,Benevolence,950
徹,Penetrate,951
徴,Indications,952
懲,Penal,953
微,Delicate,954
街,Boulevard,955
桁,Girder,956
衡,Equilibrium,957
稿,Draft,958
稼,Earnings,959
程,Extent,960
税,Tax,961
稚,Immature,962
和,Harmony,963
移,Shift,964
秒,Second,965
秋,Autumn,966
愁,Distress,967
私,Private,968
秩,Regularity,969
秘,Secret,970
称,Appellation,971
利,Profit,972
梨,Pear Tree,973
穫,Harvest,974
穂,Ear of A Plant,975
稲,Rice Plant,976
香,Incense,977
季,Seasons,978
委,Committee,979
秀,Excel,980
透,Transparent,981
誘,Entice,982
稽,Training,983
穀,Cereals,984
菌,Germ,985
萎,Numb,986
米,Rice,987
粉,Flour,988
粘,Sticky,989
粒,Grains,990
粧,Cosmetics,991
迷,Astray,992
粋,Chic,993
謎,Riddle,994
糧,Provisions,995
菊,Chrysanthemum,996
奥,Core,997
数,Number,998
楼,Watchtower,999
類,Sort,1000
漆,Lacquer,1001
膝,Knee,1002
様,Esq.,1003
求,Request,1004
球,Ball,1005
救,Salvation,1006
竹,Bamboo,1007
笑,Laugh,1008
笠,Bamboo Hat,1009
笹,Bamboo Grass,1010
箋,Stationery,1011
筋,Muscle,1012
箱,Box,1013
筆,Writing Brush,1014
筒,Cylinder,1015
等,Etc.,1016
算,Calculate,1017
答,Solution,1018
策,Scheme,1019
簿,Register,1020
築,Fabricate,1021
篭,Basket,1022
人,Person,1023
佐,Assistant,1024
侶,Partner,1025
但,However,1026
住,Dwell,1027
位,Rank,1028
仲,Go-Between,1029
体,Body,1030
悠,Remote,1031
件,Affair,1032
仕,Attend,1033
他,Other,1034
伏,Prostrated,1035
伝,Transmit,1036
仏,Buddha,1037
休,Rest,1038
仮,Provisional,1039
伎,Performing Artist,1040
伯,Chief,1041
俗,Vulgar,1042
信,Faith,1043
佳,Excellent,1044
依,Reliant,1045
例,Example,1046
個,Individual,1047
健,Healthy,1048
側,Side,1049
侍,Waiter,1050
停,Halt,1051
値,Price,1052
倣,Emulate,1053
傲,Arrogance,1054
倒,Overthrow,1055
偵,Spy,1056
僧,Buddhist Priest,1057
億,Hundred Million,1058
儀,Ceremony,1059
償,Reparation,1060
仙,Hermit,1061
催,Sponsor,1062
仁,Humanity,1063
侮,Scorn,1064
使,Use,1065
便,Convenience,1066
倍,Double,1067
優,Tenderness,1068
伐,Fell,1069
宿,Inn,1070
傷,Wound,1071
保,Protect,1072
褒,Praise,1073
傑,Greatness,1074
付,Adhere,1075
符,Token,1076
府,Municipality,1077
任,Responsibility,1078
賃,Fare,1079
代,Substitute,1080
袋,Sack,1081
貸,Lend,1082
化,Change,1083
花,Flower,1084
貨,Freight,1085
傾,Lean,1086
何,What,1087
荷,Baggage,1088
俊,Sagacious,1089
傍,Bystander,1090
俺,Myself,1091
久,Long Time,1092
畝,Furrow,1093
囚,Captured,1094
内,Inside,1095
丙,Third Class,1096
柄,Design,1097
肉,Meat,1098
腐,Rot,1099
座,Sit,1100
挫,Sprain,1101
卒,Graduate,1102
傘,Umbrella,1103
匁,Monme,1104
以,By Means Of,1105
似,Similar,1106
併,Join,1107
瓦,Tile,1108
瓶,Flower Pot,1109
宮,Shinto Shrine,1110
営,Occupation,1111
善,Virtuous,1112
膳,Dining Tray,1113
年,Year,1114
夜,Night,1115
液,Fluid,1116
塚,Hillock,1117
幣,Cash,1118
蔽,Cover Over,1119
弊,Abuse,1120
喚,Yell,1121
換,Interchange,1122
融,Dissolve,1123
施,Alms,1124
旋,Rotation,1125
遊,Play,1126
旅,Trip,1127
勿,Not,1128
物,Thing,1129
易,Easy,1130
賜,Grant,1131
尿,Urine,1132
尼,Nun,1133
尻,Buttocks,1134
泥,Mud,1135
塀,Fence,1136
履,Footgear,1137
屋,Roof,1138
握,Grip,1139
屈,Yield,1140
掘,Dig,1141
堀,Ditch,1142
居,Reside,1143
据,Set,1144
裾,Hem,1145
層,Stratum,1146
局,Bureau,1147
遅,Slow,1148
漏,Leak,1149
刷,Printing,1150
尺,Shaku,1151
尽,Exhaust,1152
沢,Swamp,1153
訳,Translate,1154
択,Choose,1155
昼,Daytime,1156
戸,Door,1157
肩,Shoulder,1158
房,Tassel,1159
扇,Fan,1160
炉,Hearth,1161
戻,Re-,1162
涙,Tears,1163
雇,Employ,1164
顧,Look Back,1165
啓,Disclose,1166
示,Show,1167
礼,Salutation,1168
祥,Auspicious,1169
祝,Celebrate,1170
福,Blessing,1171
祉,Welfare,1172
社,Company,1173
視,Inspection,1174
奈,Nara,1175
尉,Military Officer,1176
慰,Consolation,1177
款,Goodwill,1178
禁,Prohibition,1179
襟,Collar,1180
宗,Religion,1181
崇,Adore,1182
祭,Ritual,1183
察,Guess,1184
擦,Grate,1185
由,Wherefore,1186
抽,Pluck,1187
油,Oil,1188
袖,Sleeve,1189
宙,Mid-Air,1190
届,Deliver,1191
笛,Flute,1192
軸,Axis,1193
甲,Armor,1194
押,Push,1195
岬,Headland,1196
挿,Insert,1197
申,Speaketh,1198
伸,Expand,1199
神,Gods,1200
捜,Search,1201
果,Fruit,1202
菓,Confectionary,1203
課,Chapter,1204
裸,Naked,1205
斤,Ax,1206
析,Chop,1207
所,Place,1208
祈,Pray,1209
近,Near,1210
折,Fold,1211
哲,Philosophy,1212
逝,Departed,1213
誓,Vow,1214
斬,Chop Off,1215
暫,Temporarily,1216
漸,Steadily,1217
断,Severance,1218
質,Substance,1219
斥,Reject,1220
訴,Accusation,1221
昨,Yesterday,1222
詐,Lie,1223
作,Make,1224
雪,Snow,1225
録,Record,1226
剥,Peel Off,1227
尋,Inquire,1228
急,Hurry,1229
穏,Calm,1230
侵,Encroach,1231
浸,Immersed,1232
寝,Lie Down,1233
婦,Lady,1234
掃,Sweep,1235
当,Hit,1236
彙,Glossary,1237
争,Contend,1238
浄,Clean,1239
事,Matter,1240
唐,T’Ang,1241
糖,Sugar,1242
康,Sane,1243
逮,Apprehend,1244
伊,Italy,1245
君,Old Boy,1246
群,Flock,1247
耐,#Name?,1248
需,Demand,1249
儒,Confucian,1250
端,Edge,1251
両,Both,1252
満,Full,1253
画,Brush-Stroke,1254
歯,Tooth,1255
曲,Bend,1256
曹,Cadet,1257
遭,Encounter,1258
漕,Rowing,1259
槽,Vat,1260
斗,Big Dipper,1261
料,Fee,1262
科,Department,1263
図,Map,1264
用,Utilize,1265
庸,Comfortable,1266
備,Equip,1267
昔,Once Upon A Time,1268
錯,Confused,1269
借,Borrow,1270
惜,Pity,1271
措,Set Aside,1272
散,Scatter,1273
廿,Twenty,1274
庶,Commoner,1275
遮,Intercept,1276
席,Seat,1277
度,Degrees,1278
渡,Transit,1279
奔,Bustle,1280
噴,Erupt,1281
墳,Tomb,1282
憤,Aroused,1283
焼,Bake,1284
暁,Daybreak,1285
半,Half,1286
伴,Consort,1287
畔,Paddy Ridge,1288
判,Judgment,1289
拳,Fist,1290
券,Ticket,1291
巻,Scroll,1292
圏,Sphere,1293
勝,Victory,1294
藤,Wisteria,1295
謄,Facsimile,1296
片,One-Sided,1297
版,Printing Block,1298
之,Of,1299
乏,Destitution,1300
芝,Turf,1301
不,Negative,1302
否,Negate,1303
杯,Cupfuls,1304
矢,Dart,1305
矯,Rectify,1306
族,Tribe,1307
知,Know,1308
智,Wisdom,1309
挨,Shove,1310
矛,Halberd,1311
柔,Tender,1312
務,Task,1313
霧,Fog,1314
班,Squad,1315
帰,Homecoming,1316
弓,Bow,1317
引,Pull,1318
弔,Condolences,1319
弘,Vast,1320
強,Strong,1321
弥,More And More,1322
弱,Weak,1323
溺,Drowning,1324
沸,Seethe,1325
費,Expense,1326
第,No.,1327
弟,Younger Brother,1328
巧,Adroit,1329
号,Nickname,1330
朽,Decay,1331
誇,Boast,1332
顎,Chin,1333
汚,Dirty,1334
与,Bestow,1335
写,Copy,1336
身,Somebody,1337
射,Shoot,1338
謝,Apologize,1339
老,Old Man,1340
考,Consider,1341
孝,Filial Piety,1342
教,Teach,1343
拷,Torture,1344
者,Someone,1345
煮,Boil,1346
著,Renowned,1347
箸,Chopsticks,1348
署,Signature,1349
暑,Sultry,1350
諸,Various,1351
猪,Boar,1352
渚,Strand,1353
賭,Gamble,1354
峡,Gorge,1355
狭,Cramped,1356
挟,Sandwiched,1357
頬,Cheek,1358
追,Chase,1359
阜,Large Hill,1360
師,Expert,1361
帥,Commander,1362
官,Bureaucrat,1363
棺,Coffin,1364
管,Pipe,1365
父,Father,1366
釜,Cauldron,1367
交,Mingle,1368
効,Merit,1369
較,Contrast,1370
校,Exam,1371
足,Leg,1372
促,Stimulate,1373
捉,Nab,1374
距,Long-Distance,1375
路,Path,1376
露,Dew,1377
跳,Hop,1378
躍,Leap,1379
践,Tread,1380
踏,Step,1381
踪,Trail,1382
骨,Skeleton,1383
滑,Slippery,1384
髄,Marrow,1385
禍,Calamity,1386
渦,Whirlpool,1387
鍋,Pot,1388
過,Overdo,1389
阪,Heights,1390
阿,Africa,1391
際,Occasion,1392
障,Hinder,1393
隙,Chink,1394
随,Follow,1395
陪,Auxiliary,1396
陽,Sunshine,1397
陳,Line Up,1398
防,Ward Off,1399
附,Affixed,1400
院,Inst.,1401
陣,Camp,1402
隊,Regiment,1403
墜,Crash,1404
降,Descend,1405
階,Story,1406
陛,Highness,1407
隣,Neighboring,1408
隔,Isolate,1409
隠,Conceal,1410
堕,Degenerate,1411
陥,Collapse,1412
穴,Hole,1413
空,Empty,1414
控,Withdraw,1415
突,Stab,1416
究,Research,1417
窒,Plug Up,1418
窃,Stealth,1419
窟,Cavern,1420
窪,Depression,1421
搾,Squeeze,1422
窯,Kiln,1423
窮,Hard Up,1424
探,Grope,1425
深,Deep,1426
丘,Hill,1427
岳,Point,1428
兵,Soldier,1429
浜,Seacoast,1430
糸,Thread,1431
織,Weave,1432
繕,Darning,1433
縮,Shrink,1434
繁,Luxuriant,1435
縦,Vertical,1436
緻,Fine,1437
線,Line,1438
綻,Come Apart At The Seams,1439
締,Tighten,1440
維,Fiber,1441
羅,Gauze,1442
練,Practice,1443
緒,Thong,1444
続,Continue,1445
絵,Picture,1446
統,Overall,1447
絞,Strangle,1448
給,Salary,1449
絡,Entwine,1450
結,Tie,1451
終,End,1452
級,Class,1453
紀,Chronicle,1454
紅,Crimson,1455
納,Settlement,1456
紡,Spinning,1457
紛,Distract,1458
紹,Introduce,1459
経,Sūtra,1460
紳,Sire,1461
約,Promise,1462
細,Dainty,1463
累,Accumulate,1464
索,Cord,1465
総,General,1466
綿,Cotton,1467
絹,Silk,1468
繰,Winding,1469
継,Inherit,1470
緑,Green,1471
縁,Affinity,1472
網,Netting,1473
緊,Tense,1474
紫,Purple,1475
縛,Truss,1476
縄,Straw Rope,1477
幼,Infancy,1478
後,Behind,1479
幽,Faint,1480
幾,How Many,1481
機,Mechanism,1482
畿,Capital Suburbs,1483
玄,Mysterious,1484
畜,Livestock,1485
蓄,Amass,1486
弦,Bowstring,1487
擁,Hug,1488
滋,Nourishing,1489
慈,Mercy,1490
磁,Magnet,1491
系,Lineage,1492
係,Person In Charge,1493
孫,Grandchild,1494
懸,Suspend,1495
遜,Modest,1496
却,Instead,1497
脚,Shins,1498
卸,Wholesale,1499
御,Honorable,1500
服,Clothing,1501
命,Fate,1502
令,Orders,1503
零,Zero,1504
齢,Age,1505
冷,Cool,1506
領,Jurisdiction,1507
鈴,Small Bell,1508
勇,Courage,1509
湧,Bubble Up,1510
通,Traffic,1511
踊,Jump,1512
疑,Doubt,1513
擬,Mimic,1514
凝,Congeal,1515
範,Pattern,1516
犯,Crime,1517
氾,Widespread,1518
厄,Unlucky,1519
危,Dangerous,1520
宛,Address,1521
腕,Arm,1522
苑,Garden,1523
怨,Grudge,1524
柳,Willow,1525
卵,Egg,1526
留,Detain,1527
瑠,Marine Blue,1528
貿,Trade,1529
印,Stamp,1530
臼,Mortar,1531
毀,Break,1532
興,Entertain,1533
酉,Sign of The Bird,1534
酒,Saké,1535
酌,Bartending,1536
酎,Hooch,1537
酵,Fermentation,1538
酷,Cruel,1539
酬,Repay,1540
酪,Dairy Products,1541
酢,Vinegar,1542
酔,Drunk,1543
配,Distribute,1544
酸,Acid,1545
猶,Waver,1546
尊,Revered,1547
豆,Beans,1548
頭,Head,1549
短,Short,1550
豊,Bountiful,1551
鼓,Drum,1552
喜,Rejoice,1553
樹,Timber-Trees,1554
皿,Dish,1555
血,Blood,1556
盆,Basin,1557
盟,Alliance,1558
盗,Steal,1559
温,Warm,1560
蓋,Lid,1561
監,Oversee,1562
濫,Overflow,1563
鑑,Specimen,1564
藍,Indigo,1565
猛,Fierce,1566
盛,Boom,1567
塩,Salt,1568
銀,Silver,1569
恨,Resentment,1570
根,Root,1571
即,Instant,1572
爵,Baron,1573
節,Node,1574
退,Retreat,1575
限,Limit,1576
眼,Eyeball,1577
良,Good,1578
朗,Melodious,1579
浪,Wandering,1580
娘,Daughter,1581
食,Eat,1582
飯,Meal,1583
飲,Drink,1584
飢,Hungry,1585
餓,Starve,1586
飾,Decorate,1587
餌,Feed,1588
館,Bldg.,1589
餅,Mochi,1590
養,Foster,1591
飽,Sated,1592
既,Previously,1593
概,Outline,1594
慨,Rue,1595
平,Even,1596
呼,Call,1597
坪,Two-Mat Area,1598
評,Evaluate,1599
刈,Reap,1600
刹,Moment,1601
希,Hope,1602
凶,Villain,1603
胸,Bosom,1604
離,Detach,1605
璃,Crystal,1606
殺,Kill,1607
爽,Bracing,1608
純,Genuine,1609
頓,Immediate,1610
鈍,Dull,1611
辛,Spicy,1612
辞,Resign,1613
梓,Catalpa,1614
宰,Superintend,1615
壁,Wall,1616
璧,Holed Gem,1617
避,Evade,1618
新,New,1619
薪,Firewood,1620
親,Parent,1621
幸,Happiness,1622
執,Tenacious,1623
摯,Clasp,1624
報,Report,1625
叫,Shout,1626
糾,Twist,1627
収,Income,1628
卑,Lowly,1629
碑,Tombstone,1630
陸,Land,1631
睦,Intimate,1632
勢,Forces,1633
熱,Heat,1634
菱,Diamond,1635
陵,Mausoleum,1636
亥,Sign of The Hog,1637
核,Nucleus,1638
刻,Engrave,1639
該,Above-Stated,1640
骸,Remains,1641
劾,Censure,1642
述,Mention,1643
術,Art,1644
寒,Cold,1645
塞,Block Up,1646
醸,Brew,1647
譲,Defer,1648
壌,Lot,1649
嬢,Lass,1650
毒,Poison,1651
素,Elementary,1652
麦,Barley,1653
青,Blue,1654
精,Refined,1655
請,Solicit,1656
情,Feelings,1657
晴,Clear Up,1658
清,Pure,1659
静,Quiet,1660
責,Blame,1661
績,Exploits,1662
積,Volume,1663
債,Bond,1664
漬,Pickling,1665
表,Surface,1666
俵,Bag,1667
潔,Undefiled,1668
契,Pledge,1669
喫,Consume,1670
害,Harm,1671
轄,Control,1672
割,Proportion,1673
憲,Constitution,1674
生,Life,1675
星,Star,1676
醒,Awakening,1677
姓,Surname,1678
性,Sex,1679
牲,Animal Sacrifice,1680
産,Products,1681
隆,Hump,1682
峰,Summit,1683
蜂,Bee,1684
縫,Sew,1685
拝,Worship,1686
寿,Longevity,1687
鋳,Casting,1688
籍,Enroll,1689
春,Springtime,1690
椿,Camellia,1691
泰,Peaceful,1692
奏,Play Music,1693
実,Reality,1694
奉,Dedicate,1695
俸,Stipend,1696
棒,Rod,1697
謹,Discreet,1698
僅,Trifle,1699
勤,Diligence,1700
漢,Sino-,1701
嘆,Sigh,1702
難,Difficult,1703
華,Splendor,1704
垂,Droop,1705
唾,Saliva,1706
睡,Drowsy,1707
錘,Spindle,1708
乗,Ride,1709
剰,Surplus,1710
今,Now,1711
含,Include,1712
貪,Covet,1713
吟,Versify,1714
念,Wish,1715
捻,Wrench,1716
琴,Harp,1717
陰,Shade,1718
予,Beforehand,1719
序,Preface,1720
預,Deposit,1721
野,Plains,1722
兼,Concurrently,1723
嫌,Dislike,1724
鎌,Sickle,1725
謙,Self-Effacing,1726
廉,Bargain,1727
西,West,1728
価,Value,1729
要,Need,1730
腰,Loins,1731
票,Ballot,1732
漂,Drift,1733
標,Signpost,1734
栗,Chestnut,1735
慄,Shudder,1736
遷,Transition,1737
覆,Capsize,1738
煙,Smoke,1739
南,South,1740
楠,Camphor Tree,1741
献,Offering,1742
門,Gates,1743
問,Question,1744
閲,Review,1745
閥,Clique,1746
間,Interval,1747
闇,Pitch Dark,1748
簡,Simplicity,1749
開,Open,1750
閉,Closed,1751
閣,Tower,1752
閑,Leisure,1753
聞,Hear,1754
潤,Wet,1755
欄,Column,1756
闘,Fight,1757
倉,Godown,1758
創,Genesis,1759
非,Un-,1760
俳,Haiku,1761
排,Repudiate,1762
悲,Sad,1763
罪,Guilt,1764
輩,Comrade,1765
扉,Front Door,1766
侯,Marquis,1767
喉,Throat,1768
候,Climate,1769
決,Decide,1770
快,Cheerful,1771
偉,Admirable,1772
違,Difference,1773
緯,Horizontal,1774
衛,Defense,1775
韓,Korea,1776
干,Dry,1777
肝,Liver,1778
刊,Publish,1779
汗,Sweat,1780
軒,Flats,1781
岸,Beach,1782
幹,Tree Trunk,1783
芋,Potato,1784
宇,Eaves,1785
余,Too Much,1786
除,Exclude,1787
徐,Gradually,1788
叙,Confer,1789
途,Route,1790
斜,Diagonal,1791
塗,Paint,1792
束,Bundle,1793
頼,Trust,1794
瀬,Rapids,1795
勅,Imperial Order,1796
疎,Alienate,1797
辣,Bitter,1798
速,Quick,1799
整,Organize,1800
剣,Saber,1801
険,Precipitous,1802
検,Examination,1803
倹,Frugal,1804
重,Heavy,1805
動,Move,1806
腫,Tumor,1807
勲,Meritorious Deed,1808
働,Work,1809
種,Species,1810
衝,Collide,1811
薫,Fragrant,1812
病,Ill,1813
痴,Stupid,1814
痘,Pox,1815
症,Symptoms,1816
瘍,Carbuncle,1817
痩,Lose Weight,1818
疾,Rapidly,1819
嫉,Envy,1820
痢,Diarrhea,1821
痕,Scar,1822
疲,Tired,1823
疫,Epidemic,1824
痛,Pain,1825
癖,Mannerism,1826
匿,Hide,1827
匠,Artisan,1828
医,Doctor,1829
匹,Equal,1830
区,Ward,1831
枢,Hinge,1832
殴,Assault,1833
欧,Europe,1834
抑,Repress,1835
仰,Faceup,1836
迎,Welcome,1837
登,Ascend,1838
澄,Lucidity,1839
発,Discharge,1840
廃,Abolish,1841
僚,Colleague,1842
瞭,Obvious,1843
寮,Dormitory,1844
療,Heal,1845
彫,Carve,1846
形,Shape,1847
影,Shadow,1848
杉,Cedar,1849
彩,Coloring,1850
彰,Patent,1851
彦,Lad,1852
顔,Face,1853
須,Ought,1854
膨,Swell,1855
参,Visit,1856
惨,Wretched,1857
修,Discipline,1858
珍,Rare,1859
診,Checkup,1860
文,Sentence,1861
対,Vis-À-Vis,1862
紋,Family Crest,1863
蚊,Mosquito,1864
斑,Speckled,1865
斉,Adjusted,1866
剤,Dose,1867
済,Finish,1868
斎,Purification,1869
粛,Solemn,1870
塁,Bases,1871
楽,Music,1872
薬,Medicine,1873
率,Ratio,1874
渋,Astringent,1875
摂,Vicarious,1876
央,Center,1877
英,England,1878
映,Reflect,1879
赤,Red,1880
赦,Pardon,1881
変,Unusual,1882
跡,Tracks,1883
蛮,Barbarian,1884
恋,Romance,1885
湾,Gulf,1886
黄,Yellow,1887
横,Sideways,1888
把,Grasp,1889
色,Color,1890
絶,Discontinue,1891
艶,Glossy,1892
肥,Fertilizer,1893
甘,Sweet,1894
紺,Navy Blue,1895
某,So-And-So,1896
謀,Conspire,1897
媒,Mediator,1898
欺,Deceit,1899
棋,Chess Piece,1900
旗,National Flag,1901
期,Period,1902
碁,Go,1903
基,Fundamentals,1904
甚,Tremendously,1905
勘,Intuition,1906
堪,Withstand,1907
貴,Precious,1908
遺,Bequeath,1909
遣,Dispatch,1910
潰,Defile,1911
舞,Dance,1912
無,Nothingness,1913
組,Association,1914
粗,Coarse,1915
租,Tariff,1916
狙,Aim At,1917
祖,Ancestor,1918
阻,Thwart,1919
査,Investigate,1920
助,Help,1921
宜,Best Regards,1922
畳,Tatami Mat,1923
並,Row,1924
普,Universal,1925
譜,Musical Score,1926
湿,Damp,1927
顕,Appear,1928
繊,Slender,1929
霊,Spirits,1930
業,Profession,1931
撲,Slap,1932
僕,Me,1933
共,Together,1934
供,Submit,1935
異,Uncommon,1936
翼,Wing,1937
戴,Accept Humbly,1938
洪,Deluge,1939
港,Harbor,1940
暴,Outburst,1941
爆,Bomb,1942
恭,Respect,1943
選,Elect,1944
殿,Mr.,1945
井,Well,1946
丼,Donburi,1947
囲,Surround,1948
耕,Till,1949
亜,Asia,1950
悪,Bad,1951
円,Circle,1952
角,Angle,1953
触,Contact,1954
解,Unravel,1955
再,Again,1956
講,Lecture,1957
購,Subscription,1958
構,Posture,1959
溝,Gutter,1960
論,Argument,1961
倫,Ethics,1962
輪,Wheel,1963
偏,Partial,1964
遍,Everywhere,1965
編,Compilation,1966
冊,Tome,1967
柵,Palisade,1968
典,Code,1969
氏,Family Name,1970
紙,Paper,1971
婚,Marriage,1972
低,Lower,1973
抵,Resist,1974
底,Bottom,1975
民,People,1976
眠,Sleep,1977
捕,Catch,1978
哺,Suckle,1979
浦,Bay,1980
蒲,Bullrush,1981
舗,Shop,1982
補,Supplement,1983
邸,Residence,1984
郭,Enclosure,1985
郡,County,1986
郊,Outskirts,1987
部,Section,1988
都,Metropolis,1989
郵,Mail,1990
邦,Home Country,1991
那,Interrogative,1992
郷,Hometown,1993
響,Echo,1994
郎,Son,1995
廊,Corridor,1996
盾,Shield,1997
循,Sequential,1998
派,Faction,1999
脈,Vein,2000
衆,Masses,2001
逓,Parcel Post,2002
段,Grade,2003
鍛,Forge,2004
后,Empress,2005
幻,Phantasm,2006
司,Director,2007
伺,Pay Respects,2008
詞,Parts of Speech,2009
飼,Domesticate,2010
嗣,Heir,2011
舟,Boat,2012
舶,Liner,2013
航,Navigate,2014
舷,Gunwale,2015
般,Carrier,2016
盤,Tray,2017
搬,Conveyor,2018
船,Ship,2019
艦,Warship,2020
艇,Rowboat,2021
瓜,Melon,2022
弧,Arc,2023
孤,Orphan,2024
繭,Cocoon,2025
益,Benefit,2026
暇,Spare Time,2027
敷,Spread,2028
来,Come,2029
気,Spirit,2030
汽,Vapor,2031
飛,Fly,2032
沈,Sink,2033
枕,Pillow,2034
妻,Wife,2035
凄,Nifty,2036
衰,Decline,2037
衷,Inmost,2038
面,Mask,2039
麺,Noodles,2040
革,Leather,2041
靴,Shoes,2042
覇,Hegemony,2043
声,Voice,2044
眉,Eyebrow,2045
呉,Give,2046
娯,Recreation,2047
誤,Mistake,2048
蒸,Steam,2049
承,Acquiesce,2050
函,Bin,2051
極,Poles,2052
牙,Tusk,2053
芽,Bud,2054
邪,Wicked,2055
雅,Gracious,2056
釈,Interpretation,2057
番,Turn,2058
審,Hearing,2059
翻,Flip,2060
藩,Clan,2061
毛,Fur,2062
耗,Decrease,2063
尾,Tail,2064
宅,Home,2065
託,Consign,2066
為,Do,2067
偽,Falsehood,2068
畏,Apprehensive,2069
長,Long,2070
張,Lengthen,2071
帳,Notebook,2072
脹,Dilate,2073
髪,Hair of The Head,2074
展,Unfold,2075
喪,Miss,2076
巣,Nest,2077
単,Simple,2078
戦,War,2079
禅,Zen,2080
弾,Bullet,2081
桜,Cherry Tree,2082
獣,Animal,2083
脳,Brain,2084
悩,Trouble,2085
厳,Stern,2086
鎖,Chain,2087
挙,Raise,2088
誉,Reputation,2089
猟,Game Hunting,2090
鳥,Bird,2091
鳴,Chirp,2092
鶴,Crane,2093
烏,Crow,2094
蔦,Vine,2095
鳩,Pigeon,2096
鶏,Chicken,2097
島,Island,2098
暖,Warmth,2099
媛,Beautiful Woman,2100
援,Abet,2101
緩,Slacken,2102
属,Belong,2103
嘱,Entrust,2104
偶,Accidentally,2105
遇,Interview,2106
愚,Foolish,2107
隅,Corner,2108
逆,Inverted,2109
塑,Model,2110
遡,Go Upstream,2111
岡,Mount,2112
鋼,Steel,2113
綱,Hawser,2114
剛,Sturdy,2115
缶,Tin Can,2116
陶,Pottery,2117
揺,Swing,2118
謡,Noh Chanting,2119
鬱,Gloom,2120
就,Concerning,2121
蹴,Kick,2122
懇,Sociable,2123
墾,Groundbreaking,2124
貌,Countenance,2125
免,Excuse,2126
逸,Elude,2127
晩,Nightfall,2128
勉,Exertion,2129
象,Elephant,2130
像,Statue,2131
馬,Horse,2132
駒,Pony,2133
験,Verification,2134
騎,Equestrian,2135
駐,Parking,2136
駆,Drive,2137
駅,Station,2138
騒,Boisterous,2139
駄,Burdensome,2140
驚,Wonder,2141
篤,Fervent,2142
罵,Insult,2143
騰,Inflation,2144
虎,Tiger,2145
虜,Captive,2146
膚,Skin,2147
虚,Void,2148
戯,Frolic,2149
虞,Uneasiness,2150
慮,Prudence,2151
劇,Drama,2152
虐,Tyrannize,2153
鹿,Deer,2154
麓,Foot of A Mountain,2155
薦,Recommend,2156
慶,Jubilation,2157
麗,Lovely,2158
熊,Bear,2159
能,Ability,2160
態,Attitude,2161
寅,Sign of The Tiger,2162
演,Performance,2163
辰,Sign of The Dragon,2164
辱,Embarrass,2165
震,Quake,2166
振,Shake,2167
娠,With Child,2168
唇,Lips,2169
農,Agriculture,2170
濃,Concentrated,2171
送,Send Off,2172
関,Connection,2173
咲,Blossom,2174
鬼,Ghost,2175
醜,Ugly,2176
魂,Soul,2177
魔,Witch,2178
魅,Fascination,2179
塊,Clod,2180
襲,Attack,2181
嚇,Upbraid,2182
朕,Majestic Plural,2183
雰,Atmosphere,2184
箇,Item,2185
錬,Tempering,2186
遵,Abide By,2187
罷,Quit,2188
屯,Barracks,2189
且,Moreover,2190
藻,Seaweed,2191
隷,Slave,2192
癒,Healing,2193
璽,Imperial Seal,2194
潟,Lagoon,2195
丹,Cinnabar,2196
丑,Sign of The Cow,2197
羞,Humiliate,2198
卯,Sign of The Hare,2199
巳,Sign of The Snake,2200
